{
  "id": "taxicrabb-dice",
  "title": "Taxicrabb dice",
  "description": "Adds a bunch of dice textures to DsN.",
  "version": "0.1.0",
  "compatibility": {
    "minimum": 10,
    "verified": "10.120"
  },
  "authors": [
    {
      "name": "taxicrabb",
      "discord": "taxicrab"
    }
  ],
  "relationships": {
    "requires": [
      {
        "id": "dice-so-nice",
        "type": "module",
        "manifest": "https://raw.githubusercontent.com/ForgeVTT/fvtt-module-dlopen/master/module.json"
      }
    ]
  },
  "scripts": [
    "scripts/taxicrabb-dice.js"
  ],
  "url": "https://github.com/taxicrabb/Taxicrabb-Dice",
  "manifest": "https://github.com/taxicrabb/Taxicrabb-Dice-unstable/raw/main/Taxicrabb-Dice/0.1.0/module.json",
  "download": "https://github.com/taxicrabb/Taxicrabb-Dice-unstable/raw/main/0.1.0/module.zip"
}
